{"cameraMode":{"drawMode":0,"name":"Shaded","section":"Shading Mode"},"sceneLighting":false,"audioPlay":false,"sceneViewState":{"m_AlwaysRefresh":false,"showFog":true,"showSkybox":false,"showFlares":true,"showImageEffects":true,"showParticleSystems":true,"showVisualEffectGraphs":true,"m_FxEnabled":true},"in2DMode":false,"pivot":{"x":-4.6013264656066898,"y":-12.61033821105957,"z":18.284591674804689},"rotation":{"x":0.4774402678012848,"y":0.07049911469221115,"z":-0.038467925041913989,"w":0.874987006187439},"size":17.166790008544923,"orthographic":true}