{"cameraMode":{"drawMode":0,"name":"Shaded","section":"Shading Mode"},"sceneLighting":false,"audioPlay":false,"sceneViewState":{"m_AlwaysRefresh":false,"showFog":true,"showSkybox":false,"showFlares":true,"showImageEffects":true,"showParticleSystems":true,"showVisualEffectGraphs":true,"m_FxEnabled":true},"in2DMode":false,"pivot":{"x":0.655146598815918,"y":-1.134554386138916,"z":-0.6460731029510498},"rotation":{"x":0.45667123794555666,"y":-0.34351521730422976,"z":0.19691139459609986,"w":0.7966688871383667},"size":3.8526129722595217,"orthographic":false}