{"cameraMode":{"drawMode":0,"name":"Shaded","section":"Shading Mode"},"sceneLighting":true,"audioPlay":false,"sceneViewState":{"m_AlwaysRefresh":false,"showFog":true,"showSkybox":true,"showFlares":true,"showImageEffects":true,"showParticleSystems":true,"showVisualEffectGraphs":true,"m_FxEnabled":true},"in2DMode":false,"pivot":{"x":13.325395584106446,"y":6.2458038330078129,"z":1.8809616565704346},"rotation":{"x":0.050602447241544726,"y":-0.7796270251274109,"z":0.06353261321783066,"w":0.6209782958030701},"size":5.746956825256348,"orthographic":false}