{"cameraMode":{"drawMode":0,"name":"Shaded","section":"Shading Mode"},"sceneLighting":true,"audioPlay":false,"sceneViewState":{"m_AlwaysRefresh":false,"showFog":true,"showSkybox":true,"showFlares":true,"showImageEffects":true,"showParticleSystems":true,"showVisualEffectGraphs":true,"m_FxEnabled":true},"in2DMode":false,"pivot":{"x":27.48870277404785,"y":-1.0538644790649415,"z":-4.922621726989746},"rotation":{"x":0.049459584057331088,"y":0.9301607608795166,"z":-0.33742737770080569,"w":0.13632617890834809},"size":8.828021049499512,"orthographic":false}