{"cameraMode":{"drawMode":0,"name":"Shaded","section":"Shading Mode"},"sceneLighting":true,"audioPlay":false,"sceneViewState":{"m_AlwaysRefresh":false,"showFog":true,"showSkybox":true,"showFlares":true,"showImageEffects":true,"showParticleSystems":true,"showVisualEffectGraphs":true,"m_FxEnabled":true},"in2DMode":false,"pivot":{"x":15.436020851135254,"y":-26.16126251220703,"z":13.485618591308594},"rotation":{"x":-0.3505745828151703,"y":-0.054186753928661349,"z":0.02032019942998886,"w":-0.9347524046897888},"size":44.58650207519531,"orthographic":false}